ID,Sex,Age,Height,Weight,Body fat percentage
F001,F,37.0,161.4,62.9,32.8
F002,F,26.0,168.1,56.1,31.5
F003,F,39.0,163.4,53.2,25.2
F004,F,30.0,164.1,49.4,21.8
F005,F,44.0,152.9,51.9,24.2
F006,F,50.0,159.7,47.6,20.0
F007,F,42.0,162.2,59.1,27.8
F008,F,65.0,157.6,61.6,36.4
F009,F,44.0,161.1,59.2,28.6
F010,F,33.0,167.1,52.3,16.0
F011,F,55.0,160.8,52.7,34.2
F012,F,48.0,154.0,53.0,28.9
F013,F,50.0,152.0,74.0,50.5
F014,F,57.0,160.2,51.2,25.0
F015,F,51.0,160.5,45.6,26.8
F016,F,49.0,164.1,66.4,37.0
F017,F,44.0,167.6,74.1,35.9
F018,F,44.0,163.4,48.0,21.1
F019,F,39.0,157.1,50.5,29.1
F020,F,63.0,153.3,58.5,36.7
F021,F,54.0,159.3,56.3,32.7
F022,F,50.0,164.1,46.5,17.1
F023,F,56.0,150.1,45.1,30.0
F024,F,45.0,162.5,49.6,24.2
F025,F,32.0,160.8,48.3,25.8
F026,F,36.0,155.1,56.1,34.7
F027,F,60.0,163.2,58.5,28.3
F028,F,30.0,163.3,51.2,28.2
F029,F,25.0,161.5,51.2,21.3
F30,F,54.0,152.2,45.1,30.2
F031,F,39.0,167.4,59.0,29.5
F032,F,60.0,159.8,63.3,37.4
F033,F,22.0,155.4,47.0,29.7
F034,F,57.0,158.7,57.3,33.9
F035,F,54.0,150.9,50.5,29.1
F036,F,52.0,168.4,47.4,19.8
F037,F,49.0,162.7,64.4,36.0
F038,F,26.0,161.1,39.7,15.8
F039,F,40.0,161.5,48.4,26.3
F040,F,52.0,160.4,61.4,34.0
F041,F,35.0,156.9,51.3,32.0
F042,F,51.0,156.7,54.0,28.5
F043,F,23.0,153.6,49.8,32.1
F044,F,53.0,159.2,60.8,41.7
F045,F,47.0,154.7,66.1,41.0
F046,F,53.0,152.1,69.5,44.4
F047,F,55.0,162.9,65.9,36.9
F048,F,50.0,166.3,58.8,29.6
F049,F,53.0,158.4,49.0,30.1
F050,F,49.0,158.7,51.9,26.0
F051,F,49.0,169.9,64.5,31.1
F052,F,52.0,162.7,55.5,33.7
F053,F,50.0,156.4,73.4,40.2
F054,F,64.0,159.4,54.2,31.5
F055,F,66.0,154.6,51.8,32.5
F056,F,63.0,160.6,55.8,32.3
F057,F,35.0,161.6,65.0,36.2
F058,F,56.0,157.4,63.3,37.0
F059,F,46.0,166.7,62.8,36.3
F060,F,49.0,158.1,62.0,35.1
F061,F,29.0,166.7,60.2,31.0
F062,F,61.0,159.4,70.7,42.2
F063,F,37.0,164.5,54.5,34.5
F064,F,48.0,159.6,50.1,20.9
F065,F,55.0,160.4,71.6,42.2
F066,F,41.0,160.9,40.1,15.5
F067,F,40.0,159.0,46.2,27.6
F068,F,55.0,156.4,55.0,30.8
F069,F,55.0,157.2,63.1,32.7
F070,F,50.0,163.2,55.6,26.9
F071,F,48.0,166.5,90.1,38.6
F072,F,49.0,154.9,55.2,31.3
F073,F,26.0,161.7,59.7,29.5
F074,F,54.0,154.3,49.8,30.6
F075,F,49.0,161.6,76.3,38.9
F076,F,34.0,158.4,50.8,32.1
F077,F,50.0,156.0,64.5,37.0
F078,F,26.0,162.0,49.1,30.0
F079,F,42.0,162.1,90.9,44.0
F080,F,41.0,160.7,71.2,33.1
F081,F,38.0,165.0,54.4,28.3
F082,F,46.0,158.5,57.1,31.6
F083,F,53.0,162.2,55.5,27.8
F084,F,52.0,161.0,54.4,28.6
F085,F,52.0,150.7,57.7,43.4
F086,F,25.0,163.1,50.9,26.8
F087,F,60.0,154.1,55.5,34.1
F088,F,45.0,154.5,61.0,34.7
F089,F,53.0,149.0,50.4,35.0
F090,F,34.0,157.2,49.6,30.6
F091,F,54.0,151.3,52.9,41.4
F092,F,65.0,154.3,65.1,33.4
F093,F,44.0,172.2,60.1,23.4
F094,F,45.0,162.5,58.0,32.4
F095,F,55.0,157.8,59.3,38.5
F096,F,49.0,152.9,54.6,34.7
F097,F,49.0,156.4,50.3,30.6
F098,F,20.0,169.0,46.7,22.5
F099,F,55.0,158.5,71.4,41.4
F100,F,36.0,160.4,50.2,30.2
F101,F,48.0,155.5,62.8,37.7
F102,F,58.0,155.8,59.8,30.6
F103,F,53.0,162.5,76.6,34.7
F104,F,21.0,161.0,51.2,28.9
F105,F,37.0,162.5,56.3,30.3
F106,F,67.0,146.3,52.5,38.5
F107,F,49.0,156.2,54.7,30.8
F108,F,49.0,159.1,58.2,25.5
F109,F,52.0,156.7,63.3,31.2
F110,F,59.0,159.1,59.9,32.3
F111,F,37.0,164.1,59.3,32.6
F112,F,45.0,155.8,56.4,35.1
F113,F,28.0,164.5,58.9,30.3
F114,F,57.0,155.7,51.4,33.4
F115,F,34.0,161.4,56.8,37.5
F116,F,63.0,159.8,69.0,36.7
F117,F,47.0,169.3,83.1,36.3
F118,F,45.0,158.7,69.1,36.5
F119,F,61.0,156.1,49.7,28.6
F120,F,27.0,160.7,52.5,32.4
F121,F,65.0,155.9,53.2,32.7
F122,F,67.0,155.8,55.1,36.4
F123,F,42.0,163.0,65.9,35.2
F124,F,62.0,157.8,56.4,34.3
F125,F,21.0,167.3,59.3,40.9
F126,F,23.0,164.9,53.0,24.0
F127,F,40.0,155.3,47.3,33.1
F128,F,38.0,169.3,60.8,26.3
F129,F,53.0,154.2,51.7,28.3
F130,F,50.0,168.8,54.2,21.6
F131,F,43.0,162.2,51.0,28.0
F132,F,56.0,158.1,58.3,35.1
F133,F,51.0,160.8,60.1,32.9
F134,F,47.0,160.7,50.4,31.0
F135,F,46.0,167.3,59.5,20.2
F136,F,52.0,158.1,46.7,29.4
F137,F,37.0,163.0,49.5,30.2
F138,F,27.0,163.7,60.0,30.9
F139,F,44.0,152.5,50.9,34.8
F140,F,58.0,156.0,51.3,33.5
F141,F,52.0,159.2,63.1,38.0
F142,F,46.0,153.3,64.0,43.2
F143,F,52.0,158.0,52.5,31.6
F144,F,61.0,151.8,54.8,34.6
F145,F,49.0,160.5,62.9,35.5
F146,F,49.0,161.3,64.5,40.1
F147,F,48.0,158.3,54.4,31.7
F148,F,27.0,162.3,49.8,30.0
F149,F,46.0,160.5,50.3,28.3
F150,F,50.0,157.8,57.6,34.7
F151,F,29.0,163.1,54.1,31.2
F152,F,45.0,162.2,61.2,31.1
F153,F,39.0,158.1,45.3,23.2
F154,F,62.0,156.2,55.7,34.2
F155,F,48.0,153.4,53.1,29.8
F156,F,56.0,158.8,59.5,31.0
F157,F,32.0,160.7,52.7,17.2
F158,F,48.0,155.4,52.5,32.7
F159,F,24.0,159.9,45.4,28.1
F160,F,50.0,160.6,42.5,15.9
F161,F,48.0,164.7,55.3,27.9
F162,F,54.0,159.1,65.2,38.8
F163,F,29.0,162.9,50.9,28.0
F164,F,49.0,159.6,52.5,25.4
F165,F,29.0,157.3,49.8,25.2
F166,F,24.0,158.1,51.3,34.8
F167,F,60.0,149.9,48.5,27.6
F168,F,77.0,151.1,62.5,40.7
F169,F,28.0,157.0,70.3,42.3
F170,F,48.0,165.9,56.7,30.7
F171,F,54.0,157.7,51.7,31.1
F172,F,52.0,161.0,62.8,35.7
F173,F,63.0,155.2,67.4,41.7
F174,F,50.0,160.4,60.5,34.5
F175,F,33.0,161.0,54.7,32.3
F176,F,53.0,157.8,58.5,34.8
F177,F,40.0,156.2,60.8,33.0
F178,F,50.0,156.1,65.8,38.4
F179,F,57.0,155.8,59.1,36.1
F180,F,50.0,159.1,58.8,32.7
F181,F,53.0,153.8,57.3,37.4
F182,F,55.0,157.0,52.0,30.0
F183,F,22.0,169.1,57.1,25.9
F184,F,56.0,155.8,61.3,32.2
F185,F,64.0,159.9,57.8,35.9
F186,F,25.0,161.7,55.0,23.1
F187,F,32.0,154.3,50.4,29.0
F188,F,44.0,161.7,51.8,33.2
F189,F,33.0,168.0,56.6,25.9
F190,F,46.0,152.8,60.1,32.9
F191,F,48.0,150.5,57.4,36.7
F192,F,73.0,152.8,61.6,37.2
F193,F,24.0,158.9,49.1,21.1
F194,F,39.0,170.4,54.0,24.7
F195,F,21.0,166.5,56.5,36.1
F196,F,69.0,158.4,53.1,31.4
F197,F,34.0,158.4,53.6,34.3
F198,F,55.0,155.4,56.5,36.4
F199,F,39.0,161.4,46.7,21.5
F200,F,48.0,160.4,52.5,26.3
F201,F,63.0,145.2,57.9,39.1
F202,F,23.0,159.7,52.6,30.4
F203,F,30.0,160.3,59.6,35.8
F204,F,65.0,148.3,55.4,35.7
F205,F,40.0,161.4,53.3,26.2
F206,F,31.0,166.9,54.2,23.7
F207,F,63.0,147.2,50.6,33.3
F208,F,59.0,152.4,55.8,36.4
F209,F,55.0,161.6,54.4,27.7
F210,F,56.0,156.5,60.1,39.8
F211,F,52.0,153.2,53.7,35.9
F212,F,51.0,156.1,47.4,26.0
F213,F,61.0,154.5,50.0,33.0
F214,F,50.0,161.3,57.3,32.8
F215,F,22.0,166.4,47.6,24.6
F216,F,24.0,165.5,53.2,31.8
F217,F,52.0,156.6,54.6,34.7
F218,F,38.0,162.4,44.2,26.2
F219,F,68.0,150.5,55.1,35.9
F220,F,48.0,164.6,56.5,29.9
F221,F,24.0,161.2,48.6,29.4
F222,F,51.0,163.2,70.2,41.0
F223,F,50.0,158.7,71.9,41.3
F224,F,24.0,163.5,46.5,23.6
F225,F,48.0,157.3,53.0,33.1
F226,F,50.0,162.9,54.7,31.9
F227,F,62.0,144.9,50.5,39.1
F228,F,57.0,151.5,50.0,34.7
F229,F,46.0,158.1,63.4,36.7
F230,F,45.0,157.4,49.5,21.0
F231,F,47.0,158.9,52.3,31.6
F232,F,23.0,160.2,52.3,24.1
F233,F,51.0,155.0,61.8,28.2
F234,F,22.0,152.2,47.0,29.7
F235,F,35.0,157.6,52.3,31.3
F236,F,38.0,160.3,54.0,29.2
F237,F,54.0,157.3,51.7,25.6
F238,F,25.0,167.4,54.2,18.3
F239,F,66.0,151.8,60.0,34.0
F240,F,49.0,154.8,67.4,40.3
F241,F,69.0,152.1,57.3,35.3
F242,F,43.0,163.7,53.7,34.0
F243,F,26.0,156.8,50.5,24.6
F244,F,54.0,159.2,64.4,35.0
F245,F,64.0,156.1,55.8,37.4
F246,F,29.0,159.6,59.9,37.9
F247,F,36.0,158.0,51.9,24.0
F248,F,51.0,151.9,55.9,36.6
F249,F,46.0,154.7,51.8,32.7
F250,F,54.0,160.9,56.5,32.5
F251,F,38.0,164.4,49.0,18.8
F252,F,45.0,162.3,51.6,24.5
F253,F,63.0,148.2,63.8,43.9
F254,F,53.0,160.8,57.4,28.6
F255,F,64.0,153.1,57.6,30.4
F256,F,53.0,159.0,61.3,35.2
F257,F,25.0,157.8,46.7,28.0
F258,F,61.0,151.6,55.8,36.4
F259,F,61.0,161.0,71.8,37.5
F260,F,56.0,160.9,64.9,40.9
F261,F,67.0,159.0,59.8,32.6
F262,F,22.0,157.6,45.5,30.5
F263,F,56.0,159.9,62.2,36.6
F264,F,54.0,151.9,44.5,27.5
F265,F,35.0,159.8,65.5,38.3
F266,F,48.0,157.6,58.4,33.4
F267,F,49.0,161.3,55.2,22.4
F268,F,25.0,157.6,53.5,38.0
F269,F,25.0,162.5,52.4,31.9
F270,F,27.0,158.8,45.2,23.4
F271,F,60.0,160.8,53.5,31.3
F272,F,62.0,156.8,50.3,30.5
F273,F,52.0,153.1,50.4,25.8
F274,F,34.0,169.6,53.7,25.8
F275,F,43.0,148.6,74.7,45.2
F276,F,64.0,154.9,51.3,34.0
F277,F,64.0,150.8,52.9,36.6
F278,F,25.0,161.9,49.3,26.3
F279,F,78.0,150.2,56.6,35.5
F280,F,51.0,155.1,52.8,33.8
F281,F,46.0,152.8,49.0,31.5
F282,F,44.0,163.9,60.3,31.9
F283,F,53.0,151.2,51.9,33.5
F284,F,27.0,162.3,55.9,29.7
F285,F,23.0,164.6,63.0,33.1
F286,F,45.0,159.7,52.7,24.5
F287,F,27.0,162.9,56.4,31.6
F288,F,31.0,161.3,46.7,19.3
F289,F,55.0,153.7,58.4,36.2
F290,F,45.0,159.0,64.9,37.1
F291,F,57.0,157.3,50.6,33.5
F292,F,29.0,167.5,62.4,28.6
F293,F,32.0,154.8,57.5,38.6
F294,F,38.0,158.0,47.8,30.1
F295,F,20.0,163.4,58.2,37.6
F296,F,29.0,164.7,54.6,30.1
F297,F,36.0,160.7,47.0,24.1
F298,F,56.0,150.9,64.6,40.5
F299,F,22.0,160.0,53.4,25.5
F300,F,39.0,154.7,50.0,30.7
F301,F,37.0,155.6,55.9,32.7
F302,F,26.0,163.1,56.3,34.0
F303,F,45.0,161.9,56.7,34.2
F304,F,67.0,150.1,58.6,38.7
F305,F,67.0,159.1,52.9,27.0
F306,F,66.0,155.4,53.4,32.6
F307,F,20.0,157.0,51.9,27.2
F308,F,32.0,162.2,55.4,26.3
F309,F,62.0,154.7,53.2,28.9
F310,F,74.0,150.8,59.2,37.5
F311,F,44.0,152.2,59.2,35.0
F312,F,24.0,158.2,51.4,26.7
F313,F,43.0,172.6,63.5,33.9
F314,F,46.0,158.2,54.7,31.8
F315,F,51.0,151.2,71.1,41.6
F316,F,69.0,163.8,51.4,28.8
F317,F,26.0,156.0,55.1,32.6
F318,F,30.0,163.4,47.2,15.6
F319,F,55.0,163.7,55.7,21.1
F320,F,62.0,151.7,50.3,34.0
F321,F,64.0,160.0,50.0,24.1
F322,F,45.0,159.0,48.0,18.7
F323,F,30.0,159.3,48.3,32.0
F324,F,59.0,157.0,60.0,37.3
F325,F,48.0,158.3,64.3,31.0
F326,F,50.0,154.2,55.0,36.1
F327,F,46.0,152.9,58.3,34.3
F328,F,28.0,156.7,54.4,37.7
F329,F,37.0,158.5,50.9,27.3
F330,F,22.0,161.9,45.5,28.0
F331,F,21.0,156.3,43.0,23.0
F332,F,50.0,159.6,57.5,34.1
F333,F,22.0,162.3,50.3,26.9
F334,F,28.0,154.6,42.2,22.4
F335,F,64.0,155.3,56.8,32.5
F336,F,56.0,153.6,54.2,24.7
F337,F,49.0,159.3,55.3,27.4
F338,F,39.0,163.4,57.0,24.7
F339,F,61.0,153.4,52.1,35.6
F340,F,50.0,159.2,51.0,33.6
F341,F,51.0,160.0,65.9,39.9
F342,F,51.0,155.1,56.9,36.3
F343,F,33.0,162.5,62.8,30.0
F344,F,23.0,153.8,44.5,31.2
F345,F,36.0,169.7,60.0,25.6
F346,F,38.0,165.2,56.9,29.7
F347,F,38.0,163.8,65.0,31.0
F348,F,37.0,163.7,59.9,23.1
F349,F,30.0,166.5,58.5,29.5
F350,F,29.0,160.6,49.3,28.4
F351,F,57.0,160.1,67.7,37.0
F352,F,20.0,160.2,58.9,30.1
F353,F,68.0,161.1,61.4,35.5
F354,F,74.0,153.8,79.5,49.2
F355,F,28.0,167.8,53.0,25.9
F356,F,39.0,165.5,53.4,27.4
F357,F,29.0,164.2,55.1,22.3
F358,F,63.0,166.0,49.6,20.9
F359,F,64.0,163.0,61.5,38.5
F360,F,62.0,165.0,59.8,32.6
F361,F,48.0,160.8,58.5,31.1
F362,F,65.0,151.8,50.8,31.9
F363,F,31.0,159.1,53.4,26.2
F364,F,32.0,161.7,59.5,27.9
F365,F,39.0,158.7,63.0,36.5
F366,F,58.0,147.8,56.7,42.0
F367,F,30.0,163.7,57.2,25.5
F368,F,32.0,155.0,50.9,30.6
F369,F,40.0,165.5,55.0,19.3
F370,F,63.0,161.7,74.1,40.6
F371,F,46.0,160.9,62.7,28.0
F372,F,51.0,158.2,60.6,35.2
F373,F,62.0,153.9,55.5,33.0
F374,F,45.0,160.9,54.1,24.6
F375,F,57.0,148.3,63.2,42.9
F376,F,53.0,166.1,70.1,32.6
F377,F,61.0,155.9,59.9,40.4
F378,F,73.0,156.3,56.8,37.1
F379,F,66.0,151.1,58.5,34.2
F380,F,68.0,151.9,57.8,35.7
F381,F,65.0,150.6,50.2,30.4
F382,F,69.0,143.5,46.3,32.9
F383,F,69.0,145.9,60.9,44.4
F384,F,64.0,159.5,51.9,26.9
F385,F,63.0,160.5,64.7,36.4
F386,F,35.0,159.2,53.3,30.0
F387,F,61.0,149.5,57.0,31.0
F388,F,61.0,156.0,59.6,34.7
F389,F,34.0,158.3,51.3,21.6
F390,F,68.0,154.3,52.0,28.5
F391,F,46.0,157.9,58.6,29.5
F392,F,50.0,162.5,54.3,29.5
F393,F,74.0,153.7,61.5,40.5
F394,F,33.0,162.9,57.6,24.7
F395,F,73.0,156.5,56.5,28.1
F396,F,49.0,159.1,53.6,18.4
F397,F,53.0,164.0,64.9,41.0
F398,F,21.0,155.4,52.1,34.0
F399,F,36.0,163.7,49.6,22.7
F400,F,64.0,160.1,54.3,35.2
F401,F,36.0,162.0,53.6,22.5
F402,F,30.0,161.9,50.4,26.4
F403,F,34.0,157.0,48.0,22.8
F404,F,28.0,153.9,54.6,29.8
F405,F,26.0,158.2,54.5,31.3
F406,F,60.0,144.4,42.5,30.4
F407,F,42.0,167.8,59.7,31.0
F408,F,53.0,163.1,56.3,40.5
F409,F,66.0,157.3,56.1,32.4
F410,F,73.0,152.6,60.2,39.4
F411,F,36.0,156.2,50.4,25.9
F412,F,72.0,153.7,61.7,43.2
F413,F,36.0,162.5,50.3,22.7
F414,F,63.0,157.8,52.0,27.5
F415,F,33.0,153.7,50.7,31.4
F416,F,69.0,147.9,63.5,43.4
F417,F,21.0,167.3,58.2,37.0
F418,F,65.0,157.3,65.3,41.9
F419,F,74.0,150.5,49.7,36.0
F420,F,63.0,159.9,68.4,41.0
F421,F,65.0,148.5,48.9,28.8
F422,F,62.0,163.2,51.2,26.3
F423,F,62.0,153.6,54.8,35.1
F424,F,66.0,151.2,47.7,32.9
F425,F,68.0,162.7,63.2,33.7
F426,F,69.0,154.5,52.0,35.4
F427,F,64.0,156.8,51.5,31.9
F428,F,65.0,152.4,55.3,37.6
F429,F,65.0,156.4,56.5,34.4
F430,F,66.0,147.1,53.4,35.4
F431,F,66.0,148.8,60.2,39.9
F432,F,75.0,153.2,61.3,39.3
F433,F,67.0,159.5,57.2,38.3
F434,F,67.0,157.1,48.6,32.3
F435,F,65.0,161.6,58.7,31.1
F436,F,66.0,146.7,54.4,38.8
F437,F,31.0,160.5,52.5,16.8
F438,F,71.0,158.5,57.9,28.8
F439,F,67.0,147.9,45.0,29.5
F440,F,69.0,150.0,55.8,37.9
F441,F,63.0,159.5,55.6,36.9
F442,F,61.0,159.4,60.2,38.6
F443,F,62.0,154.2,51.9,39.2
F444,F,64.0,159.7,65.1,38.2
F445,F,61.0,149.5,54.7,37.9
F446,F,65.0,157.9,62.6,37.3
F447,F,71.0,149.7,41.0,25.7
F448,F,30.0,166.9,49.3,24.6
F449,F,67.0,150.0,55.7,36.7
F450,F,73.0,153.2,55.0,36.8
F451,F,70.0,147.3,67.8,43.4
F452,F,29.0,160.9,56.1,26.5
F453,F,65.0,157.9,64.0,32.1
F454,F,66.0,161.0,65.7,37.2
F455,F,69.0,151.5,66.1,39.9
F456,F,71.0,148.0,44.3,29.4
F457,F,39.0,156.2,52.1,30.2
F458,F,38.0,162.2,66.0,32.3
F459,F,70.0,151.6,51.7,30.9
F460,F,70.0,147.9,56.8,32.7
F461,F,39.0,155.9,41.8,26.3
F462,F,66.0,163.2,56.0,26.4
F463,F,62.0,168.6,61.1,24.0
F464,F,38.0,169.2,65.4,31.9
F465,F,66.0,149.2,55.0,36.7
F466,F,67.0,147.5,45.0,35.5
F467,F,69.0,157.6,58.9,32.4
F468,F,65.0,159.6,56.7,42.0
F469,F,67.0,152.3,54.4,41.7
F470,F,73.0,149.5,6.0,40.4
F471,F,72.0,155.0,64.7,39.6
F472,F,72.0,155.6,59.2,39.5
F473,F,61.0,155.0,53.1,34.3
F474,F,75.0,154.6,54.8,29.0
F475,F,32.0,159.4,65.5,41.5
F477,F,39.0,166.6,53.5,23.3
F478,F,75.0,154.5,60.2,40.1
F479,F,69.0,153.4,58.8,38.7
F480,F,69.0,155.8,62.5,33.0
F481,F,70.0,149.2,51.5,36.6
F482,F,35.0,164.0,61.5,33.0
F483,F,64.0,153.8,56.2,34.9
F484,F,74.0,153.2,33.5,13.9
F485,F,69.0,148.3,54.6,39.0
F486,F,63.0,156.8,54.6,34.7
F487,F,74.0,159.2,64.8,34.6
F488,F,31.0,161.0,53.6,26.3
F489,F,68.0,142.3,47.3,36.6
F490,F,40.0,160.6,56.0,34.0
F491,F,79.0,156.0,45.6,27.9
F492,F,66.0,154.6,56.0,34.8
F493,F,70.0,159.6,53.9,29.6
F494,F,74.0,149.0,48.5,33.1
F495,F,72.0,159.1,73.3,37.4
F496,F,66.0,157.7,59.7,29.3
F497,F,72.0,145.6,46.7,32.2
F498,F,74.0,157.4,55.6,31.3
F499,F,45.0,159.3,57.7,33.0
F500,F,66.0,155.0,57.4,37.0
F501,F,68.0,151.7,52.7,32.5
M001,M,38.0,177.2,73.4,20.9
M002,M,51.0,175.4,79.3,24.3
M003,M,26.0,175.6,76.1,24.2
M004,M,21.0,176.9,77.6,26.6
M005,M,25.0,177.1,69.1,23.1
M006,M,53.0,173.1,74.5,22.1
M007,M,40.0,178.0,72.0,14.3
M008,M,27.0,174.6,64.0,17.5
M009,M,22.0,174.4,81.5,34.8
M010,M,39.0,170.2,86.9,35.5
M011,M,28.0,181.6,73.3,19.2
M012,M,26.0,177.9,78.4,27.6
M013,M,41.0,172.8,58.0,16.3
M014,M,58.0,172.7,78.9,26.8
M015,M,23.0,179.9,74.2,8.2
M016,M,39.0,172.8,70.6,25.2
M017,M,36.0,176.0,73.0,30.1
M018,M,31.0,174.6,68.7,24.7
M019,M,58.0,165.9,65.4,23.1
M020,M,30.0,177.0,63.2,22.5
M021,M,72.0,169.3,56.4,17.2
M022,M,22.0,180.3,82.1,23.3
M023,M,28.0,172.8,56.3,18.1
M024,M,80.0,161.9,70.3,34.3
M025,M,34.0,165.8,85.5,38.6
M026,M,44.0,168.2,62.5,19.2
M027,M,28.0,172.0,67.0,11.6
M028,M,24.0,175.2,74.9,30.2
M029,M,52.0,166.3,64.0,23.3
M030,M,30.0,170.8,76.9,23.4
M031,M,39.0,170.3,70.5,25.4
M032,M,37.0,179.2,87.3,30.4
M033,M,51.0,172.6,72.9,22.4
M034,M,22.0,165.0,73.1,31.6
M035,M,78.0,166.0,46.6,12.2
M036,M,53.0,166.2,53.6,21.2
M037,M,26.0,174.9,64.0,13.3
M038,M,28.0,172.6,77.3,23.6
M039,M,25.0,179.8,70.2,24.2
M040,M,56.0,171.3,70.7,30.0
M041,M,26.0,177.6,73.3,28.1
M042,M,42.0,170.7,10.8,18.9
M043,M,27.0,180.9,57.3,12.8
M044,M,24.0,170.0,58.1,18.0
M045,M,70.0,170.3,70.9,22.9
M046,M,46.0,160.4,69.6,25.8
M047,M,48.0,178.6,71.2,22.5
M048,M,64.0,174.5,61.0,19.6
M049,M,32.0,170.9,86.2,30.0
M050,M,23.0,165.7,59.7,23.2
M051,M,45.0,175.6,67.4,16.2
M052,M,30.0,173.3,70.6,28.0
M053,M,48.0,173.0,70.5,28.8
M054,M,33.0,176.4,73.4,23.8
M055,M,63.0,167.4,71.0,29.8
M056,M,54.0,168.5,72.2,31.9
M057,M,23.0,169.0,75.0,18.4
M058,M,22.0,174.5,75.0,22.1
M059,M,69.0,170.6,79.1,29.9
M060,M,31.0,169.0,65.2,22.4
M061,M,46.0,175.3,79.2,25.6
M062,M,47.0,173.6,68.5,16.1
M063,M,41.0,167.6,65.2,21.7
M064,M,38.0,165.7,64.1,23.6
M065,M,32.0,176.1,91.2,33.4
M066,M,25.0,170.6,69.4,21.7
M067,M,24.0,183.1,79.5,19.9
M068,M,60.0,165.1,69.2,24.2
M069,M,44.0,171.4,84.5,31.5
M070,M,41.0,163.7,58.9,19.8
M071,M,27.0,172.7,67.3,17.0
M072,M,65.0,164.3,66.2,25.6
M073,M,27.0,171.9,70.7,22.2
M074,M,24.0,183.8,89.2,26.3
M075,M,24.0,171.7,62.2,10.8
M076,M,46.0,164.6,69.2,24.3
M077,M,30.0,174.1,56.9,10.5
M078,M,26.0,173.7,60.1,14.6
M079,M,26.0,174.4,69.1,23.6
M080,M,41.0,172.5,73.8,23.2
M081,M,47.0,172.6,66.3,23.3
M082,M,51.0,170.6,82.1,33.0
M083,M,31.0,169.7,64.5,21.4
M084,M,21.0,173.3,62.2,15.6
M085,M,41.0,169.7,85.5,36.4
M086,M,27.0,176.7,55.8,15.2
M087,M,34.0,171.6,67.6,20.5
M088,M,34.0,163.1,74.0,27.1
M089,M,32.0,171.7,58.8,19.5
M090,M,22.0,178.5,85.6,33.4
M091,M,41.0,176.0,75.9,14.5
M092,M,36.0,187.7,87.3,21.1
M093,M,33.0,170.6,63.6,25.0
M094,M,23.0,168.1,68.4,28.0
M095,M,52.0,172.8,65.8,21.7
M096,M,34.0,177.3,82.1,21.8
M097,M,35.0,178.7,74.0,24.5
M098,M,70.0,168.6,70.8,29.2
M090,M,20.0,175.6,53.4,17.0
M100,M,69.0,170.8,67.1,26.9
M101,M,41.0,175.5,73.3,18.5
M102,M,50.0,173.6,84.6,31.2
M103,M,56.0,168.6,75.4,20.1
M104,M,27.0,177.6,81.1,30.2
M105,M,40.0,174.6,75.4,20.9
M106,M,48.0,172.8,85.7,35.8
M107,M,72.0,174.3,66.4,23.7
M108,M,52.0,165.8,65.5,29.3
M109,M,48.0,167.6,73.0,19.4
M110,M,31.0,175.4,87.7,35.1
M111,M,48.0,167.9,65.5,28.4
M112,M,60.0,166.7,71.8,26.0
M113,M,45.0,170.2,68.9,24.4
M114,M,63.0,165.8,66.0,23.4
M115,M,42.0,166.3,60.9,26.1
M116,M,29.0,172.6,73.8,26.6
M117,M,44.0,172.1,64.2,26.9
M118,M,40.0,175.1,65.4,15.7
M119,M,30.0,165.6,68.4,16.4
M120,M,69.0,165.2,76.4,36.8
M121,M,65.0,173.9,81.9,36.1
M122,M,30.0,184.1,95.1,23.2
M123,M,43.0,176.3,58.6,17.4
M124,M,68.0,171.6,68.4,26.1
M125,M,72.0,162.3,70.2,28.1
M126,M,33.0,174.4,81.4,30.4
M127,M,51.0,166.2,84.7,41.3
M128,M,38.0,175.9,82.2,29.5
M129,M,59.0,163.9,57.6,23.1
M130,M,24.0,181.2,71.4,23.6
M131,M,23.0,174.1,59.9,19.8
M132,M,41.0,181.1,81.1,21.4
M133,M,46.0,175.4,76.8,26.8
M134,M,27.0,181.1,81.5,18.8
M135,M,30.0,178.0,74.4,14.8
M136,M,25.0,183.4,69.9,15.8
M137,M,54.0,165.8,79.6,30.9
M138,M,24.0,168.4,58.8,16.1
M139,M,46.0,169.2,70.2,23.8
M140,M,25.0,179.3,59.4,15.1
M141,M,27.0,177.0,74.0,28.2
M142,M,50.0,171.0,74.1,25.9
M143,M,59.0,169.5,55.7,18.7
M144,M,63.0,165.5,70.2,32.8
M145,M,36.0,168.8,65.3,19.2
M146,M,46.0,178.2,77.8,28.4
M147,M,41.0,175.9,92.0,29.7
M148,M,48.0,174.9,90.9,35.2
M149,M,49.0,173.6,57.6,16.6
M150,M,38.0,170.4,78.8,30.4
M151,M,38.0,172.9,71.7,20.2
M152,M,66.0,172.9,67.4,29.4
M153,M,66.0,166.1,69.4,30.1
M154,M,58.0,168.7,67.0,25.1
M155,M,34.0,174.9,86.3,32.3
M156,M,29.0,172.2,66.0,21.7
M157,M,65.0,170.0,73.8,25.7
M158,M,38.0,177.9,77.8,21.3
M159,M,50.0,163.3,64.7,26.2
M160,M,40.0,166.0,60.7,19.9
M161,M,47.0,177.8,67.1,20.1
M162,M,49.0,161.0,66.8,26.2
M163,M,62.0,170.9,54.5,20.8
M164,M,44.0,166.7,72.9,29.8
M165,M,59.0,172.8,68.6,20.2
M166,M,54.0,179.9,81.8,22.2
M167,M,58.0,178.1,78.6,24.4
M168,M,28.0,176.2,67.5,14.0
M169,M,54.0,170.7,69.2,25.8
M170,M,30.0,174.8,70.2,21.9
M171,M,22.0,178.0,82.5,14.9
M172,M,43.0,177.4,67.5,21.4
M173,M,35.0,172.3,62.6,28.9
M174,M,38.0,173.4,83.9,31.7
M175,M,30.0,172.5,66.1,22.1
M176,M,22.0,171.2,76.5,16.4
M177,M,22.0,174.7,80.5,26.9
M178,M,22.0,168.5,59.5,14.7
M179,M,63.0,168.0,67.7,18.0
M180,M,52.0,166.1,61.4,20.3
M181,M,35.0,165.4,60.5,23.0
M182,M,49.0,169.4,66.0,16.2
M183,M,47.0,169.3,71.5,30.8
M184,M,35.0,167.7,68.8,11.2
M185,M,45.0,166.7,56.7,26.2
M186,M,32.0,180.9,78.3,27.8
M187,M,23.0,165.0,57.6,19.2
M188,M,36.0,181.7,84.5,23.6
M189,M,25.0,179.5,66.4,13.4
M190,M,30.0,175.4,92.4,34.9
M191,M,28.0,170.0,78.3,33.7
M192,M,43.0,179.5,83.2,21.3
M193,M,37.0,176.2,71.1,20.9
M194,M,48.0,169.0,75.0,26.8
M195,M,53.0,158.0,60.2,24.8
M196,M,43.0,173.9,74.0,26.6
M197,M,34.0,177.5,72.4,21.5
M198,M,32.0,170.9,75.2,23.4
M199,M,47.0,177.7,83.9,26.8
M200,M,24.0,170.8,65.2,18.3
M201,M,44.0,162.5,69.2,20.8
M202,M,52.0,174.7,81.4,29.2
M203,M,27.0,180.4,86.8,29.2
M204,M,32.0,170.9,77.2,27.0
M205,M,32.0,176.3,76.1,24.2
M206,M,41.0,173.6,68.1,21.6
M207,M,31.0,171.6,85.7,32.2
M208,M,51.0,171.2,100.5,37.5
M209,M,45.0,175.4,78.1,26.1
M210,M,32.0,176.4,103.9,37.3
M211,M,43.0,178.9,68.1,20.0
M212,M,79.0,160.5,62.8,22.8
M213,M,24.0,178.8,83.1,13.4
M214,M,29.0,173.8,70.1,24.7
M215,M,23.0,175.1,69.0,18.9
M216,M,37.0,177.0,85.1,30.5
M217,M,52.0,171.1,81.1,28.6
M218,M,33.0,186.6,113.8,35.6
M219,M,48.0,170.8,73.3,24.9
M220,M,49.0,170.2,65.4,23.8
M221,M,30.0,170.5,58.6,17.0
M222,M,57.0,174.2,85.8,31.3
M223,M,50.0,173.2,67.1,16.5
M224,M,33.0,180.3,84.7,24.7
M225,M,27.0,168.5,71.2,27.2
M226,M,27.0,163.5,77.1,31.8
M227,M,50.0,173.4,74.2,24.8
M228,M,41.0,174.2,87.6,24.4
M229,M,40.0,175.7,72.5,25.7
M230,M,79.0,161.3,64.4,32.9
M231,M,27.0,168.3,62.1,20.7
M232,M,33.0,172.4,74.2,26.8
M233,M,25.0,178.9,71.7,14.1
M234,M,25.0,173.8,71.5,26.5
M235,M,44.0,172.5,71.4,25.9
M236,M,23.0,173.4,75.8,26.5
M237,M,49.0,168.0,94.3,34.9
M238,M,49.0,166.8,69.8,30.7
M239,M,24.0,171.0,68.7,28.1
M240,M,52.0,169.2,77.5,25.6
M241,M,74.0,163.1,59.5,31.9
M242,M,34.0,167.6,74.0,33.9
M243,M,62.0,165.5,55.6,25.4
M244,M,47.0,170.6,58.7,29.1
M245,M,49.0,174.5,73.5,17.9
M246,M,62.0,167.9,57.8,18.4
M247,M,61.0,161.1,68.8,27.3
M248,M,67.0,162.9,71.0,31.6
M249,M,31.0,171.1,74.4,31.6
M250,M,69.0,176.7,66.8,21.8
M251,M,37.0,173.8,90.7,32.5
M252,M,49.0,169.4,96.9,36.2
M253,M,62.0,168.1,59.1,20.4
M254,M,40.0,172.6,93.9,31.6
M255,M,36.0,178.6,83.3,26.0
M256,M,47.0,163.4,72.1,32.9
M257,M,42.0,169.1,62.9,22.5
M258,M,57.0,160.5,64.8,31.7
M259,M,73.0,161.1,89.3,44.8
M260,M,47.0,166.3,70.7,22.4
M261,M,35.0,179.9,78.9,30.3
M262,M,53.0,170.2,80.7,35.7
M263,M,32.0,175.4,87.4,24.5
M264,M,58.0,173.3,68.1,19.7
M265,M,29.0,168.2,60.1,20.9
M266,M,29.0,181.4,58.9,14.8
M267,M,36.0,177.5,74.2,20.2
M268,M,34.0,176.8,74.0,17.3
M269,M,37.0,180.0,71.0,11.8
M270,M,24.0,175.1,68.4,9.2
M271,M,46.0,170.2,71.2,29.3
M272,M,27.0,179.0,73.1,20.7
M273,M,26.0,173.1,68.6,22.1
M274,M,45.0,178.2,70.9,14.4
M275,M,57.0,170.9,78.9,28.4
M276,M,31.0,173.2,75.6,10.0
M277,M,69.0,170.4,65.1,20.6
M278,M,44.0,169.2,76.4,22.3
M279,M,39.0,168.7,63.7,23.3
M280,M,40.0,180.3,70.1,15.7
M281,M,40.0,166.7,83.1,34.3
M282,M,34.0,175.8,75.5,21.0
M283,M,51.0,171.0,72.5,25.2
M284,M,30.0,164.3,62.6,22.9
M285,M,34.0,177.3,78.1,21.9
M286,M,55.0,172.3,66.2,15.4
M287,M,47.0,177.5,83.1,21.3
M288,M,55.0,167.4,74.6,34.6
M289,M,67.0,173.8,77.1,27.5
M290,M,30.0,174.6,61.4,13.1
M291,M,30.0,177.6,70.0,19.3
M292,M,30.0,177.8,64.8,15.5
M293,M,48.0,173.1,82.3,33.0
M294,M,48.0,168.8,70.7,20.4
M295,M,36.0,177.8,74.8,18.2
M296,M,43.0,178.0,87.3,30.4
M297,M,44.0,171.0,70.1,28.4
M298,M,42.0,174.3,71.4,23.6
M299,M,52.0,169.3,76.1,24.1
M300,M,63.0,170.4,56.9,14.5
M301,M,53.0,168.3,67.8,24.1
M302,M,24.0,167.3,88.5,36.8
M303,M,46.0,168.6,58.9,12.6
M304,M,43.0,167.5,80.0,35.6
M305,M,36.0,174.6,80.7,25.2
M306,M,66.0,170.9,80.8,31.3
M307,M,51.0,173.8,73.8,19.6
M308,M,42.0,169.9,62.0,19.1
M309,M,58.0,165.5,57.1,23.5
M310,M,57.0,162.8,56.1,15.1
M311,M,42.0,172.2,61.8,19.0
M312,M,43.0,171.6,70.2,26.9
M313,M,66.0,177.5,91.1,33.1
M314,M,72.0,166.3,77.9,32.2
M315,M,58.0,172.9,78.6,34.1
M316,M,67.0,167.2,67.5,23.4
M317,M,52.0,176.4,83.2,30.1
M318,M,41.0,172.1,57.8,20.2
M319,M,42.0,176.2,68.4,17.4
M320,M,24.0,170.5,83.2,33.7
M321,M,24.0,176.8,73.0,24.4
M322,M,59.0,173.5,79.6,23.2
M323,M,32.0,176.9,88.3,26.3
M324,M,55.0,169.1,71.6,24.1
M325,M,35.0,177.7,87.2,31.1
M326,M,45.0,174.6,71.2,26.3
M327,M,34.0,181.6,82.7,24.3
M328,M,44.0,170.4,65.8,24.3
M329,M,37.0,187.0,82.8,21.7
M330,M,44.0,175.4,58.4,10.7
M331,M,32.0,171.6,98.5,36.8
M332,M,53.0,171.2,79.2,29.7
M333,M,53.0,174.8,88.2,26.0
M334,M,40.0,175.8,83.5,22.1
M335,M,53.0,170.4,64.9,18.4
M336,M,27.0,164.7,62.5,25.5
M337,M,54.0,174.8,70.4,21.8
M338,M,49.0,177.3,93.1,28.9
M339,M,22.0,175.3,64.7,24.5
M340,M,52.0,175.3,75.3,18.3
M341,M,41.0,168.7,71.6,28.8
M342,M,40.0,168.6,97.4,19.6
M343,M,78.0,163.2,75.9,31.1
M344,M,72.0,167.0,70.7,29.0
M345,M,75.0,163.1,69.3,36.0
M346,M,66.0,171.1,83.4,28.8
M347,M,46.0,172.0,78.7,25.4
M348,M,26.0,179.4,61.4,13.2
M349,M,59.0,163.0,62.2,24.1
M350,M,66.0,168.5,64.6,24.3
M351,M,54.0,169.7,58.6,34.6
M352,M,60.0,164.8,75.9,33.4
M353,M,34.0,178.1,80.2,20.8
M354,M,36.0,177.4,80.8,23.7
M355,M,55.0,173.8,89.4,32.9
M356,M,35.0,179.3,81.7,18.0
M357,M,58.0,170.7,91.1,29.1
M358,M,31.0,178.6,63.6,17.3
M359,M,26.0,174.0,66.3,22.0
M360,M,56.0,172.8,105.6,36.5
M361,M,71.0,167.0,66.1,18.9
M362,M,55.0,169.7,69.3,25.9
M363,M,51.0,174.5,80.9,29.4
M364,M,53.0,177.3,62.1,19.7
M365,M,55.0,169.8,70.3,20.7
M366,M,59.0,167.3,64.5,27.1
M367,M,64.0,169.2,72.2,29.7
M368,M,55.0,170.9,73.3,31.3
M369,M,36.0,174.3,63.8,20.7
M370,M,65.0,177.9,81.7,22.4
M371,M,61.0,176.4,88.9,29.2
M372,M,69.0,175.3,81.4,25.5
M373,M,53.0,172.4,84.4,33.0
M374,M,51.0,167.5,67.3,24.6
M375,M,51.0,175.3,74.4,21.4
M376,M,60.0,163.8,68.5,35.7
M377,M,58.0,175.6,66.7,25.5
M378,M,64.0,173.2,92.7,28.5
M379,M,67.0,163.1,66.6,25.7
M380,M,57.0,172.7,66.1,18.8
M381,M,56.0,169.1,59.6,21.8
M382,M,68.0,164.9,66.1,28.8
M383,M,66.0,168.4,66.1,29.3
M384,M,52.0,165.3,72.9,26.7
M385,M,65.0,160.4,57.2,29.1
M386,M,55.0,174.4,78.1,19.6
M387,M,53.0,173.7,78.7,34.0
M388,M,56.0,167.1,78.1,34.6
M389,M,52.0,173.4,74.9,26.3
M390,M,69.0,170.2,66.4,26.3
M391,M,58.0,165.8,69.7,26.0
M392,M,65.0,163.2,72.4,25.0
M393,M,58.0,165.0,66.0,23.7
M394,M,67.0,169.5,78.6,24.8
M395,M,68.0,170.4,77.3,24.9
M396,M,53.0,167.9,64.8,23.8
M397,M,58.0,163.1,67.0,22.0
M398,M,59.0,174.9,80.9,29.8
M399,M,59.0,182.9,75.9,25.9
M400,M,55.0,168.1,66.6,23.6
M401,M,49.0,169.9,67.6,23.8
M402,M,32.0,175.7,72.7,20.9
M403,M,46.0,174.6,83.3,22.7
M404,M,44.0,174.7,83.7,29.1
M405,M,46.0,167.1,78.3,29.4
M406,M,59.0,162.3,74.4,30.8
M407,M,43.0,171.2,68.1,17.1
M408,M,72.0,163.0,72.2,29.1
M409,M,42.0,165.2,76.4,27.4
M410,M,45.0,171.0,65.3,20.4
M411,M,59.0,169.6,75.6,24.7
M412,M,32.0,176.8,77.6,29.6
M413,M,60.0,174.4,78.1,27.0
M414,M,52.0,172.8,69.0,27.1
M415,M,52.0,172.4,65.1,28.3
M416,M,50.0,166.4,67.4,28.8
M417,M,75.0,154.7,59.0,34.9
M418,M,69.0,161.7,66.9,34.3
M419,M,51.0,171.4,68.7,23.0
M420,M,78.0,157.9,58.9,25.0
M421,M,72.0,168.8,78.4,31.1
M422,M,68.0,171.9,64.1,23.0
M423,M,67.0,168.1,67.3,20.2
M424,M,66.0,167.3,65.5,26.8
M425,M,61.0,169.6,77.1,27.6
M426,M,63.0,168.9,75.5,27.0
M427,M,67.0,177.3,80.7,30.5
M428,M,64.0,170.5,59.8,20.5
M429,M,65.0,175.7,71.4,17.7
M430,M,59.0,174.3,80.0,20.9
M431,M,56.0,170.6,61.9,23.4
M432,M,70.0,166.5,69.3,36.1
M433,M,66.0,162.6,73.7,30.4
M434,M,69.0,165.6,88.3,35.5
M435,M,62.0,174.0,75.0,35.8
M436,M,76.0,168.0,90.1,30.7
M437,M,58.0,168.1,56.6,22.3
M438,M,67.0,159.1,60.3,18.0
M439,M,78.0,165.0,67.8,25.1
M440,M,66.0,162.1,61.2,22.5
M441,M,64.0,182.4,75.6,20.2
M442,M,57.0,168.5,68.4,19.6
M443,M,75.0,171.5,69.0,21.8
M444,M,54.0,163.7,73.4,27.7
M445,M,41.0,172.5,72.3,23.5
M446,M,58.0,167.9,70.4,29.7
M447,M,61.0,179.3,76.1,25.1
M448,M,66.0,163.3,71.9,32.0
M449,M,52.0,177.7,80.9,28.4
M450,M,43.0,184.0,76.2,16.1
M451,M,63.0,164.9,62.4,19.5
M452,M,52.0,174.0,81.2,29.8
M453,M,55.0,169.7,78.3,28.1
M454,M,73.0,159.9,54.0,27.5
M455,M,59.0,174.5,90.0,36.8
M456,M,75.0,161.8,54.6,25.2
M457,M,73.0,163.1,73.9,28.7
M458,M,79.0,168.0,64.2,27.9
M459,M,73.0,155.8,59.4,32.4
M460,M,73.0,175.2,65.6,29.7
M461,M,63.0,169.6,76.8,30.9
M462,M,69.0,167.3,69.3,25.0
M463,M,77.0,162.1,46.9,17.4
M464,M,67.0,169.6,67.1,30.5
M465,M,67.0,159.5,66.7,33.1
M466,M,72.0,169.9,74.8,27.5
M467,M,67.0,164.2,64.7,20.8
M468,M,27.0,168.8,80.9,35.0
M469,M,60.0,168.5,68.6,25.5
M470,M,26.0,170.5,56.0,13.3
M471,M,27.0,180.1,80.9,15.5
M472,M,59.0,177.2,73.9,26.9
M473,M,58.0,173.4,65.1,22.9
M474,M,60.0,165.1,67.8,26.9
M475,M,62.0,170.2,82.5,36.5
M476,M,58.0,165.4,65.9,21.2
M477,M,56.0,178.5,87.4,31.3
M478,M,72.0,167.1,75.9,32.5
M479,M,63.0,165.7,71.4,31.3
M480,M,68.0,163.3,66.7,31.6
M481,M,76.0,159.9,64.3,35.3
M482,M,59.0,164.3,60.9,23.1
M483,M,73.0,169.8,85.3,33.5
M484,M,65.0,173.1,80.6,34.0
M485,M,67.0,159.1,59.8,25.9
M486,M,68.0,171.7,73.8,32.5
M487,M,71.0,162.1,61.4,25.9
M488,M,61.0,162.0,57.6,25.6
M489,M,78.0,167.8,71.0,23.2
M490,M,75.0,165.2,72.1,35.9
M491,M,75.0,170.2,73.8,21.0
M492,M,59.0,161.1,69.4,27.5
M493,M,42.0,183.5,80.8,21.8
M494,M,61.0,165.4,85.4,40.0
M495,M,47.0,165.5,77.9,36.3
M496,M,48.0,176.4,95.5,29.7
M497,M,75.0,157.4,63.9,34.9
M498,M,58.0,167.3,68.0,15.6
M499,M,53.0,169.9,65.2,17.8
M500,M,30.0,173.7,67.2,20.3
